Buhl??ne Mind State,De La Soul,LP,Vinyl,1993,Big Life,Hip Hop,Jazzy Hip-Hop
Let?s Start Here.,Lil Yachty,2LP,Vinyl,2023,Quality Control Music (2),"Rock, Funk / Soul, Pop","Psychedelic Rock, Space Rock, Psychedelic, Neo Soul"
Funky Collector - Vol. 1,Various,LP,Vinyl,2022,Universal Music France,Funk / Soul,Funk
Funky Collector Vol.4,Various,LP,Vinyl,2022,Universal Music France,Funk / Soul,Funk
Soul Jazz Ladies,Various,LP,Vinyl,2022,vinyle collection,Jazz,nan
Brown Sugar,D?Angelo,2LP,Vinyl,2015,Virgin,Funk / Soul,"Soul, Neo Soul, Contemporary R&B"
Buhl??ne Mind State,De La Soul,LP,Vinyl,1993,Big Life,Hip Hop,Jazzy Hip-Hop
Let?s Start Here.,Lil Yachty,2LP,Vinyl,2023,Quality Control Music (2),"Rock, Funk / Soul, Pop","Psychedelic Rock, Space Rock, Psychedelic, Neo Soul"
Funky Collector - Vol. 1,Various,LP,Vinyl,2022,Universal Music France,Funk / Soul,Funk
Funky Collector Vol.4,Various,LP,Vinyl,2022,Universal Music France,Funk / Soul,Funk
Soul Jazz Ladies,Various,LP,Vinyl,2022,vinyle collection,Jazz,nan
Brown Sugar,D?Angelo,2LP,Vinyl,2015,Virgin,Funk / Soul,"Soul, Neo Soul, Contemporary R&B"
Buhl??ne Mind State,De La Soul,LP,Vinyl,1993,Big Life,Hip Hop,Jazzy Hip-Hop
Let?s Start Here.,Lil Yachty,2LP,Vinyl,2023,Quality Control Music (2),"Rock, Funk / Soul, Pop","Psychedelic Rock, Space Rock, Psychedelic, Neo Soul"
City Of Angels,The Miracles,LP,Vinyl,1975,Tamla,Funk / Soul,"Soul, Funk, Disco"
Funky Collector - Vol. 1,Various,LP,Vinyl,2022,Universal Music France,Funk / Soul,Funk
Funky Collector Vol.4,Various,LP,Vinyl,2022,Universal Music France,Funk / Soul,Funk
Soul Jazz Ladies,Various,LP,Vinyl,2022,vinyle collection,Jazz,nan
Brown Sugar,D?Angelo,2LP,Vinyl,2015,Virgin,Funk / Soul,"Soul, Neo Soul, Contemporary R&B"
Buhl??ne Mind State,De La Soul,LP,Vinyl,1993,Big Life,Hip Hop,Jazzy Hip-Hop
Let?s Start Here.,Lil Yachty,2LP,Vinyl,2023,Quality Control Music (2),"Rock, Funk / Soul, Pop","Psychedelic Rock, Space Rock, Psychedelic, Neo Soul"
City Of Angels,The Miracles,LP,Vinyl,1975,Tamla,Funk / Soul,"Soul, Funk, Disco"
Funky Collector - Vol. 1,Various,LP,Vinyl,2022,Universal Music France,Funk / Soul,Funk
Funky Collector Vol.4,Various,LP,Vinyl,2022,Universal Music France,Funk / Soul,Funk
Soul Jazz Ladies,Various,LP,Vinyl,2022,vinyle collection,Jazz,nan
Brown Sugar,D?Angelo,2LP,Vinyl,2015,Virgin,Funk / Soul,"Soul, Neo Soul, Contemporary R&B"
Buhl??ne Mind State,De La Soul,LP,Vinyl,1993,Big Life,Hip Hop,Jazzy Hip-Hop
Let?s Start Here.,Lil Yachty,2LP,Vinyl,2023,Quality Control Music (2),"Rock, Funk / Soul, Pop","Psychedelic Rock, Space Rock, Psychedelic, Neo Soul"
City Of Angels,The Miracles,LP,Vinyl,1975,Tamla,Funk / Soul,"Soul, Funk, Disco"
Funky Collector - Vol. 1,Various,LP,Vinyl,2022,Universal Music France,Funk / Soul,Funk
Funky Collector Vol.4,Various,LP,Vinyl,2022,Universal Music France,Funk / Soul,Funk
Soul Jazz Ladies,Various,LP,Vinyl,2022,vinyle collection,Jazz,nan
Brown Sugar,D?Angelo,2LP,Vinyl,2015,Virgin,Funk / Soul,"Soul, Neo Soul, Contemporary R&B"
Buhl??ne Mind State,De La Soul,LP,Vinyl,1993,Big Life,Hip Hop,Jazzy Hip-Hop
Let?s Start Here.,Lil Yachty,2LP,Vinyl,2023,Quality Control Music (2),"Rock, Funk / Soul, Pop","Psychedelic Rock, Space Rock, Psychedelic, Neo Soul"
City Of Angels,The Miracles,LP,Vinyl,1975,Tamla,Funk / Soul,"Soul, Funk, Disco"
Funky Collector - Vol. 1,Various,LP,Vinyl,2022,Universal Music France,Funk / Soul,Funk
Funky Collector Vol.4,Various,LP,Vinyl,2022,Universal Music France,Funk / Soul,Funk
Soul Jazz Ladies,Various,LP,Vinyl,2022,vinyle collection,Jazz,nan
Brown Sugar,D?Angelo,2LP,Vinyl,2015,Virgin,Funk / Soul,"Soul, Neo Soul, Contemporary R&B"
Buhl??ne Mind State,De La Soul,LP,Vinyl,1993,Big Life,Hip Hop,Jazzy Hip-Hop
Let?s Start Here.,Lil Yachty,2LP,Vinyl,2023,Quality Control Music (2),"Rock, Funk / Soul, Pop","Psychedelic Rock, Space Rock, Psychedelic, Neo Soul"
City Of Angels,The Miracles,LP,Vinyl,1975,Tamla,Funk / Soul,"Soul, Funk, Disco"
Funky Collector - Vol. 1,Various,LP,Vinyl,2022,Universal Music France,Funk / Soul,Funk
Funky Collector Vol.4,Various,LP,Vinyl,2022,Universal Music France,Funk / Soul,Funk
Soul Jazz Ladies,Various,LP,Vinyl,2022,vinyle collection,Jazz,nan
Brown Sugar,D?Angelo,2LP,Vinyl,2015,Virgin,Funk / Soul,"Soul, Neo Soul, Contemporary R&B"
Buhl??ne Mind State,De La Soul,LP,Vinyl,1993,Big Life,Hip Hop,Jazzy Hip-Hop
Let?s Start Here.,Lil Yachty,2LP,Vinyl,2023,Quality Control Music (2),"Rock, Funk / Soul, Pop","Psychedelic Rock, Space Rock, Psychedelic, Neo Soul"
City Of Angels,The Miracles,LP,Vinyl,1975,Tamla,Funk / Soul,"Soul, Funk, Disco"
Funky Collector - Vol. 1,Various,LP,Vinyl,2022,Universal Music France,Funk / Soul,Funk
Funky Collector Vol.4,Various,LP,Vinyl,2022,Universal Music France,Funk / Soul,Funk
Soul Jazz Ladies,Various,LP,Vinyl,2022,vinyle collection,Jazz,nan
Brown Sugar,D?Angelo,2LP,Vinyl,2015,Virgin,Funk / Soul,"Soul, Neo Soul, Contemporary R&B"
Buhl??ne Mind State,De La Soul,LP,Vinyl,1993,Big Life,Hip Hop,Jazzy Hip-Hop
Let?s Start Here.,Lil Yachty,2LP,Vinyl,2023,Quality Control Music (2),"Rock, Funk / Soul, Pop","Psychedelic Rock, Space Rock, Psychedelic, Neo Soul"
City Of Angels,The Miracles,LP,Vinyl,1975,Tamla,Funk / Soul,"Soul, Funk, Disco"
Funky Collector - Vol. 1,Various,LP,Vinyl,2022,Universal Music France,Funk / Soul,Funk
Funky Collector Vol.4,Various,LP,Vinyl,2022,Universal Music France,Funk / Soul,Funk
Soul Jazz Ladies,Various,LP,Vinyl,2022,vinyle collection,Jazz,nan
Brown Sugar,D?Angelo,2LP,Vinyl,2015,Virgin,Funk / Soul,"Soul, Neo Soul, Contemporary R&B"
Buhl??ne Mind State,De La Soul,LP,Vinyl,1993,Big Life,Hip Hop,Jazzy Hip-Hop
Let?s Start Here.,Lil Yachty,2LP,Vinyl,2023,Quality Control Music (2),"Rock, Funk / Soul, Pop","Psychedelic Rock, Space Rock, Psychedelic, Neo Soul"
City Of Angels,The Miracles,LP,Vinyl,1975,Tamla,Funk / Soul,"Soul, Funk, Disco"
Funky Collector - Vol. 1,Various,LP,Vinyl,2022,Universal Music France,Funk / Soul,Funk
Funky Collector Vol.4,Various,LP,Vinyl,2022,Universal Music France,Funk / Soul,Funk
Soul Jazz Ladies,Various,LP,Vinyl,2022,vinyle collection,Jazz,nan
Brown Sugar,D?Angelo,2LP,Vinyl,2015,Virgin,Funk / Soul,"Soul, Neo Soul, Contemporary R&B"
Buhl??ne Mind State,De La Soul,LP,Vinyl,1993,Big Life,Hip Hop,Jazzy Hip-Hop
Let?s Start Here.,Lil Yachty,2LP,Vinyl,2023,Quality Control Music (2),"Rock, Funk / Soul, Pop","Psychedelic Rock, Space Rock, Psychedelic, Neo Soul"
City Of Angels,The Miracles,LP,Vinyl,1975,Tamla,Funk / Soul,"Soul, Funk, Disco"
Funky Collector - Vol. 1,Various,LP,Vinyl,2022,Universal Music France,Funk / Soul,Funk
Funky Collector Vol.4,Various,LP,Vinyl,2022,Universal Music France,Funk / Soul,Funk
Soul Jazz Ladies,Various,LP,Vinyl,2022,vinyle collection,Jazz,nan
Brown Sugar,D?Angelo,2LP,Vinyl,2015,Virgin,Funk / Soul,"Soul, Neo Soul, Contemporary R&B"
Buhl??ne Mind State,De La Soul,LP,Vinyl,1993,Big Life,Hip Hop,Jazzy Hip-Hop
Let?s Start Here.,Lil Yachty,2LP,Vinyl,2023,Quality Control Music (2),"Rock, Funk / Soul, Pop","Psychedelic Rock, Space Rock, Psychedelic, Neo Soul"
City Of Angels,The Miracles,LP,Vinyl,1975,Tamla,Funk / Soul,"Soul, Funk, Disco"
Funky Collector - Vol. 1,Various,LP,Vinyl,2022,Universal Music France,Funk / Soul,Funk
Funky Collector Vol.4,Various,LP,Vinyl,2022,Universal Music France,Funk / Soul,Funk
Soul Jazz Ladies,Various,LP,Vinyl,2022,vinyle collection,Jazz,nan
Brown Sugar,D?Angelo,2LP,Vinyl,2015,Virgin,Funk / Soul,"Soul, Neo Soul, Contemporary R&B"
Buhl??ne Mind State,De La Soul,LP,Vinyl,1993,Big Life,Hip Hop,Jazzy Hip-Hop
Let?s Start Here.,Lil Yachty,2LP,Vinyl,2023,Quality Control Music (2),"Rock, Funk / Soul, Pop","Psychedelic Rock, Space Rock, Psychedelic, Neo Soul"
City Of Angels,The Miracles,LP,Vinyl,1975,Tamla,Funk / Soul,"Soul, Funk, Disco"
Funky Collector - Vol. 1,Various,LP,Vinyl,2022,Universal Music France,Funk / Soul,Funk
Funky Collector Vol.4,Various,LP,Vinyl,2022,Universal Music France,Funk / Soul,Funk
Soul Jazz Ladies,Various,LP,Vinyl,2022,vinyle collection,Jazz,nan
Brown Sugar,D?Angelo,2LP,Vinyl,2015,Virgin,Funk / Soul,"Soul, Neo Soul, Contemporary R&B"
Buhl??ne Mind State,De La Soul,LP,Vinyl,1993,Big Life,Hip Hop,Jazzy Hip-Hop
Let?s Start Here.,Lil Yachty,2LP,Vinyl,2023,Quality Control Music (2),"Rock, Funk / Soul, Pop","Psychedelic Rock, Space Rock, Psychedelic, Neo Soul"
City Of Angels,The Miracles,LP,Vinyl,1975,Tamla,Funk / Soul,"Soul, Funk, Disco"
Funky Collector - Vol. 1,Various,LP,Vinyl,2022,Universal Music France,Funk / Soul,Funk
Funky Collector Vol.4,Various,LP,Vinyl,2022,Universal Music France,Funk / Soul,Funk
Soul Jazz Ladies,Various,LP,Vinyl,2022,vinyle collection,Jazz,nan
Brown Sugar,D?Angelo,2LP,Vinyl,2015,Virgin,Funk / Soul,"Soul, Neo Soul, Contemporary R&B"
Buhl??ne Mind State,De La Soul,LP,Vinyl,1993,Big Life,Hip Hop,Jazzy Hip-Hop
Let?s Start Here.,Lil Yachty,2LP,Vinyl,2023,Quality Control Music (2),"Rock, Funk / Soul, Pop","Psychedelic Rock, Space Rock, Psychedelic, Neo Soul"
City Of Angels,The Miracles,LP,Vinyl,1975,Tamla,Funk / Soul,"Soul, Funk, Disco"
Funky Collector - Vol. 1,Various,LP,Vinyl,2022,Universal Music France,Funk / Soul,Funk
Funky Collector Vol.4,Various,LP,Vinyl,2022,Universal Music France,Funk / Soul,Funk
Soul Jazz Ladies,Various,LP,Vinyl,2022,vinyle collection,Jazz,nan
Brown Sugar,D?Angelo,2LP,Vinyl,2015,Virgin,Funk / Soul,"Soul, Neo Soul, Contemporary R&B"
Buhl??ne Mind State,De La Soul,LP,Vinyl,1993,Big Life,Hip Hop,Jazzy Hip-Hop
Let?s Start Here.,Lil Yachty,2LP,Vinyl,2023,Quality Control Music (2),"Rock, Funk / Soul, Pop","Psychedelic Rock, Space Rock, Psychedelic, Neo Soul"
City Of Angels,The Miracles,LP,Vinyl,1975,Tamla,Funk / Soul,"Soul, Funk, Disco"
Funky Collector - Vol. 1,Various,LP,Vinyl,2022,Universal Music France,Funk / Soul,Funk
Funky Collector Vol.4,Various,LP,Vinyl,2022,Universal Music France,Funk / Soul,Funk
Soul Jazz Ladies,Various,LP,Vinyl,2022,vinyle collection,Jazz,nan
Brown Sugar,D?Angelo,2LP,Vinyl,2015,Virgin,Funk / Soul,"Soul, Neo Soul, Contemporary R&B"
Buhl??ne Mind State,De La Soul,LP,Vinyl,1993,Big Life,Hip Hop,Jazzy Hip-Hop
Let?s Start Here.,Lil Yachty,2LP,Vinyl,2023,Quality Control Music (2),"Rock, Funk / Soul, Pop","Psychedelic Rock, Space Rock, Psychedelic, Neo Soul"
City Of Angels,The Miracles,LP,Vinyl,1975,Tamla,Funk / Soul,"Soul, Funk, Disco"
Funky Collector - Vol. 1,Various,LP,Vinyl,2022,Universal Music France,Funk / Soul,Funk
Funky Collector Vol.4,Various,LP,Vinyl,2022,Universal Music France,Funk / Soul,Funk
Soul Jazz Ladies,Various,LP,Vinyl,2022,vinyle collection,Jazz,nan
Brown Sugar,D?Angelo,2LP,Vinyl,2015,Virgin,Funk / Soul,"Soul, Neo Soul, Contemporary R&B"
Buhl??ne Mind State,De La Soul,LP,Vinyl,1993,Big Life,Hip Hop,Jazzy Hip-Hop
Let?s Start Here.,Lil Yachty,2LP,Vinyl,2023,Quality Control Music (2),"Rock, Funk / Soul, Pop","Psychedelic Rock, Space Rock, Psychedelic, Neo Soul"
City Of Angels,The Miracles,LP,Vinyl,1975,Tamla,Funk / Soul,"Soul, Funk, Disco"
Funky Collector - Vol. 1,Various,LP,Vinyl,2022,Universal Music France,Funk / Soul,Funk
Funky Collector Vol.4,Various,LP,Vinyl,2022,Universal Music France,Funk / Soul,Funk
Soul Jazz Ladies,Various,LP,Vinyl,2022,vinyle collection,Jazz,nan
Brown Sugar,D?Angelo,2LP,Vinyl,2015,Virgin,Funk / Soul,"Soul, Neo Soul, Contemporary R&B"
